{
  "version": "1.0",
  "run_id": "ce20ab3361017f91",
  "timestamp_utc": "2026-02-10T18:32:40.714Z",
  "source": "SYNTHETIC",
  "disclaimer": "SYNTHETIC DATA ONLY - NOT REAL MARKET",
  "seed": 12345,
  "mode": "optimistic",
  "hack_id": "HACK_B1",
  "dataset_ref": {
    "path": "data/synthetic_1000bars_5m.json"
  },
  "summary": {
    "trade_count": 101,
    "trade_count_total": 101,
    "trade_count_filled": 101,
    "trade_count_rejected": 0,
    "expectancy_per_trade": 0.00013126453878763847,
    "penalized_expectancy_per_trade": -0.1693579846288063,
    "max_drawdown_pct": 0.005849629176459219,
    "win_rate": 0.5346534653465347,
    "profit_factor": 1.486709492165718,
    "penalty_breakdown": {
      "reject": {
        "raw": 0.0297029702970297,
        "norm": 0,
        "weight": 0.25000000000000006,
        "contrib": 0
      },
      "slippage": {
        "raw": 19.536693687569546,
        "norm": 0.3024462458379697,
        "weight": 0.20000000000000004,
        "contrib": 0.06048924916759395
      },
      "rtt": {
        "raw": 848,
        "norm": 0.06,
        "weight": 0.15000000000000002,
        "contrib": 0.009000000000000001
      },
      "maxdd": {
        "raw": 0.05724256533144201,
        "norm": 0,
        "weight": 0.30000000000000004,
        "contrib": 0
      },
      "reality_gap": {
        "raw": 1.2184775089902964,
        "norm": 1,
        "weight": 0.10000000000000002,
        "contrib": 0.10000000000000002
      },
      "total": 0.16948924916759395
    }
  },
  "execution": {
    "fill_ratio": 0.9511705028015366,
    "partial_fill_rate": 0.9108910891089109,
    "reject_ratio": 0,
    "slippage_p95_bps": 2.7932802075583902,
    "slippage_p99_bps": 3.4096087878718286,
    "rtt_p95_ms": 84,
    "rtt_p99_ms": 92
  },
  "quality_filter": {
    "total_signals": 101,
    "quality_filtered": 0,
    "passed": 101,
    "pass_rate": 1,
    "avg_score": 0.39083276855626586,
    "min_score": 0.2819546190072052,
    "max_score": 0.5185959086608872
  },
  "execution_policy": {
    "total": 101,
    "avg_ttl_ms": 6000,
    "avg_tip_bps": 2.07,
    "avg_competition": 0.414,
    "max_ttl_ms": 6000,
    "max_tip_bps": 2.93,
    "expired_count": 0
  },
  "risk_governor": {
    "kill_switch_active": false,
    "kill_switch_reason": null,
    "circuit_breaker_active": false,
    "final_equity_usd": 10000.013257718423,
    "peak_equity_usd": 10000.013257718423,
    "final_drawdown_pct": 0,
    "daily_pnl_usd": 0.013257718417551485,
    "daily_trade_count": 101,
    "blocked_trades": 0,
    "caps": {
      "max_position_size_usd": 1000,
      "max_daily_loss_usd": 100,
      "max_drawdown_pct": 0.05,
      "kill_switch_threshold": 0.1,
      "remaining_daily_loss_budget": 100.01325771841755
    }
  },
  "hack_data": {},
  "notes": []
}