{
  "version": "1.0",
  "run_id": "ce20ab3361017f91",
  "timestamp_utc": "2026-02-10T18:32:40.714Z",
  "source": "SYNTHETIC",
  "disclaimer": "SYNTHETIC DATA ONLY - NOT REAL MARKET",
  "seed": 12345,
  "mode": "base",
  "hack_id": "HACK_B3",
  "dataset_ref": {
    "path": "data/synthetic_1000bars_5m.json"
  },
  "summary": {
    "trade_count": 99,
    "trade_count_total": 101,
    "trade_count_filled": 99,
    "trade_count_rejected": 2,
    "expectancy_per_trade": 0.000015019681806528195,
    "penalized_expectancy_per_trade": -0.3023871053967102,
    "max_drawdown_pct": 0.005528452495327979,
    "win_rate": 0.494949494949495,
    "profit_factor": 1.0429334279333535,
    "penalty_breakdown": {
      "reject": {
        "raw": 0.0594059405940594,
        "norm": 0.188118811881188,
        "weight": 0.25000000000000006,
        "contrib": 0.047029702970297016
      },
      "slippage": {
        "raw": 23.362306658116474,
        "norm": 0.5574871105410982,
        "weight": 0.20000000000000004,
        "contrib": 0.11149742210821967
      },
      "rtt": {
        "raw": 1034,
        "norm": 0.2925,
        "weight": 0.15000000000000002,
        "contrib": 0.043875000000000004
      },
      "maxdd": {
        "raw": 0.054944479663819254,
        "norm": 0,
        "weight": 0.30000000000000004,
        "contrib": 0
      },
      "reality_gap": {
        "raw": 1.379018532081701,
        "norm": 1,
        "weight": 0.10000000000000002,
        "contrib": 0.10000000000000002
      },
      "total": 0.3024021250785167
    }
  },
  "execution": {
    "fill_ratio": 0.9500505380612339,
    "partial_fill_rate": 0.8787878787878788,
    "reject_ratio": 0.019801980198019802,
    "slippage_p95_bps": 5.751222537369185,
    "slippage_p99_bps": 7.697657967109034,
    "rtt_p95_ms": 234,
    "rtt_p99_ms": 280
  },
  "quality_filter": {
    "total_signals": 101,
    "quality_filtered": 0,
    "passed": 101,
    "pass_rate": 1,
    "avg_score": 0.39083276855626586,
    "min_score": 0.2819546190072052,
    "max_score": 0.5185959086608872
  },
  "execution_policy": {
    "total": 101,
    "avg_ttl_ms": 6000,
    "avg_tip_bps": 2.07,
    "avg_competition": 0.414,
    "max_ttl_ms": 6000,
    "max_tip_bps": 2.93,
    "expired_count": 0
  },
  "risk_governor": {
    "kill_switch_active": false,
    "kill_switch_reason": null,
    "circuit_breaker_active": false,
    "final_equity_usd": 10000.001486948511,
    "peak_equity_usd": 10000.00395677874,
    "final_drawdown_pct": 2.4698292522723917e-7,
    "daily_pnl_usd": 0.0014869484988462914,
    "daily_trade_count": 99,
    "blocked_trades": 0,
    "caps": {
      "max_position_size_usd": 1000,
      "max_daily_loss_usd": 100,
      "max_drawdown_pct": 0.05,
      "kill_switch_threshold": 0.1,
      "remaining_daily_loss_budget": 100.00148694849885
    }
  },
  "hack_data": {},
  "notes": []
}